,0
0,"Voc√™ esteve sempre comigo, primo. Dividimos lembran√ßas e um carinho que s√≥ se encontra em fam√≠lia. Adoro voc√™!"
1,"O melhor dia da nossa vida √© sempre aquele que estamos vivendo, pois s√≥ no presente temos a possibilidade de consertar erros do passado e a oportunidade de preparar um futuro melhor."
2,"A decep√ß√£o √© como um aviso, para nunca mais gerarmos tanta expectativa sobre mais ningu√©m nessa vida."
3,Para que um sonho continue a poder se realizar basta resistir sem nunca desistir!
4,Nenhuma batalha jamais foi ganha sem o poder do entusiasmo.
5,"Em Deus √© para mim f√°cil confiar porque √© sempre Ele que me d√° for√ßa nas horas mais dif√≠ceis, nos instantes de tristeza."
6,"Enxergo bondade em todo mundo, porque sempre acredito que o bem supera todo mal que existe."
7,√â sempre ao lado da minha alma g√™mea que a felicidade surge no meu cora√ß√£o e tudo fica mais belo.üíó
8,Nunca permita que o medo domine sua vontade de vencer.
9,"Nesta e nas pr√≥ximas vidas, voc√™ sempre ser√° o meu grande amor."
10,Quem n√£o luta pelos seus direitos nunca ser√° digno deles.
11,"O h√°bito do v√≠cio atenua, mas nunca afoga inteiramente a voz dos remorsos."
12,Fiz de voc√™ meu amigo e essa foi a melhor decis√£o de sempre. üôè
13,A √∫nica coisa do planejamento √© que as coisas nunca ocorrem como foram planejadas.
14,"Se voc√™ faz o que sempre fez, voc√™ obter√° o que voc√™ sempre obteve."
15,"Nosso amor nunca acaba. Se ca√≠mos, nos levantaremos juntos e iremos at√© o fim lado a lado."
16,Arrisque-se! Toda vida √© um risco. O homem que vai mais longe √© geralmente aquele que est√° disposto a fazer e a ousar. O barco da seguran√ßa nunca vai muito al√©m da margem.
17,"Sempre encontrei no sexo uma grande virtude consoladora, e nada ado√ßa mais as minhas afli√ß√µes vindas dos meus problemas do que sentir que uma pessoa am√°vel se interessa por ele."
18,"Minha rainha, dona do meu cora√ß√£o, adoro a sua companhia e anseio pelo momento em que a volto a ver! Amo voc√™ agora e sempre!"
19,"Quem jamais foi um louco, jamais ser√° um s√°bio."
20,"O amor nem sempre traz prazer ou alegria, √†s vezes ele chega recheado de decep√ß√µes e amarguras!"
21,Sempre h√° esperan√ßa quando h√° vida humana.
22,"N√£o confio em produto local. Sempre que viajo, levo meu u√≠sque e minha mulher."
23,"Ainda que a trai√ß√£o agrade, o traidor √© sempre odiado."
24,"Voc√™ √© aquela pessoa que me consegue fazer rir sempre, mesmo quando estou triste. Amo voc√™ do fundo do cora√ß√£o, primo!"
25,"Os ciumentos sempre olham para tudo com √≥culos de aumento, os quais engrandecem as coisas pequenas, agigantam os an√µes e fazem com que as suspeitas pare√ßam verdades."
26,Sempre h√° algo de extremamente s√≥rdido nas trag√©dias alheias.
27,"Que nunca nos falte o amor, a alegria e a uni√£o. Bom domingo, fam√≠lia querida!"
28,"A vingan√ßa nunca √© plena, mata a alma e a envenena."
29,Quem carrega Deus no cora√ß√£o tem sempre a vida iluminada.
30,"Meu Deus, Te agrade√ßo pelo dia de hoje e por mais esta chance de aprender e de ser feliz! Ora√ß√£o, alegria e gratid√£o, hoje e sempre. Am√©m!"
31,Seja fiel √† sua ess√™ncia e jamais viva para simplesmente agradar os outros.
32,Desde sempre a minha maior parceira √© a minha irm√£! Esta menina faz parte de quem eu sou!
33,Nunca pense duas vezes antes de me pedir ajuda pois gra√ßas ao seu apoio hoje me encontro feliz.  Estou aqui para tudo que precises.
34,"Se pedires minha vida, eu te darei sorrindo. Se pedires que eu v√° embora, para sempre partirei. Mas n√£o me pe√ßas para te esquecer, pois jamais te esquecerei."
35,"Durante o processo de supera√ß√£o, nunca se esque√ßa que para todo esfor√ßo sempre haver√° uma compensa√ß√£o."
36,"Obrigado, meu Deus, por me dares exatamente o que preciso e sempre na hora certa."
37,"A origem de tudo √© sempre a gravidez, por isso aproveite esta fase que marca o come√ßo do maior amor da sua vida!"
38,Nunca se esque√ßa de agradecer a Deus pela maravilhosa d√°diva da vida.
39,"Grandes vit√≥rias s√£o o resultado das pequenas conquistas di√°rias. Lute, persista e nunca desista, pois todas elas acabar√£o por acontecer na sua vida."
40,"O √∫nico homem que nunca comete erros √© aquele que nunca faz coisa alguma. N√£o tenha medo de errar, pois voc√™ aprender√° a n√£o cometer o mesmo erro duas vezes."
41,Sou fiel aos meus sentimentos e aos meus ideais e nunca vou ceder ao que querem que eu seja!
42,"Se a nossa mem√≥ria s√≥ guardasse bons momentos, nunca ter√≠amos a chance de n√£o cometer novamente os mesmos erros."
43,"N√£o deixe que o medo do fracasso impe√ßa voc√™ de viver um sonho; n√£o sofra antes do tempo, e talvez jamais venha a sofrer."
44,"Se tudo tem um fim eu falo que toda regra tem exce√ß√£o, e no campo da amizade a nossa √© eterna!"
45,Ser√° sempre o conforto de quem me ama que me far√° erguer ap√≥s um momento dif√≠cil.
46,"√Äs vezes, o maior dos vencedores carrega grandes cicatrizes de todas as derrotas do passado, mas ele √© a prova viva de que persistir sempre compensa."
47,Esta tempestade vai passar e todos ficaremos mais unidos do que nunca. Eu prometo que vai ficar tudo bem!
48,"Cultive o amor-pr√≥prio, e jamais implorar√° pelo amor de algu√©m."
49,O tempo √© algo que temos grande dificuldade em administrar. Estamos sempre a um passo a tr√°s ou √† frente.
50,"Eu te agrade√ßo, amor, porque sou uma pessoa melhor ao teu lado, mais feliz e realizada do que nunca."
51,"Podem faltar oportunidades para nos vermos mais, mas entre eu e os meus primos e primas nunca falta amor, carinho e muita amizade!"
52,"Sobrinho querido, sobrinho amado, seja sempre feliz e de prefer√™ncia ao meu lado!"
53,"Almo√ßar √© sempre um momento agrad√°vel, mas na companhia certa ele pode se tornar memor√°vel. Bom almo√ßo!"
54,Uma garrafa de vinho meio vazia tamb√©m est√° meio cheia; mas uma meia mentira n√£o ser√° nunca uma meia verdade.
55,"Em um cora√ß√£o onde mora a gratid√£o, tamb√©m habitar√° sempre a felicidade."
56,Que a chama desta paix√£o siga sempre acesa no cora√ß√£o de voc√™s. Felicidades aos noivos!
57,"Olhe sempre para as pessoas com considera√ß√£o, nosso corpo √© apenas uma casca e n√£o √© poss√≠vel ter certeza do que acontece dentro do cora√ß√£o."
58,"Tenha a ousadia de ir al√©m dos seus limites, pois s√≥ assim sentir√° coisas nunca antes sentidas."
59,"A morte n√£o leva tudo e aqueles que partem e nos deixam lindas mem√≥rias, muito amor e infinita saudade, jamais desaparecem."
60,Desistir nunca √© op√ß√£o para quem acredita cegamente na vit√≥ria!
61,Nem sempre juntas andam cortesia e intelig√™ncia.
62,"Nunca desista dos seus sonhos, pois sem eles a vida perde o sentido."
63,"Um amor proibido √© um amor jamais esquecido, pois como nunca passa de ilus√£o, nunca lhe s√£o reveladas as imperfei√ß√µes dos amores concretizados."
64,Estarei aqui sempre que precisar de algu√©m para conversar ou para lhe dar conforto nas horas dif√≠ceis.
65,A vaidade sempre quer aplauso.
66,"Nunca quis ser melhor do que algu√©m, mas n√£o admito que sejam melhores do eu."
67,"Ao meu lado senti sempre o calor dos que me amaram. Amigos, voc√™s s√£o tudo para mim!"
68,"Mesmo que voc√™ ainda estivesse vivo, nunca teria conseguido preencher a minha necessidade de expressar todo a afeto que ficou oprimido."
69,"Voc√™ pode usar as melhores roupas, mas nunca estar√° vestida se n√£o tiver sua dignidade no lugar certo!"
70,O temor do Senhor √© o princ√≠pio da sabedoria; todos os que cumprem os seus preceitos revelam bom senso. Ele ser√° louvado para sempre!
71,"Trabalhar duro pode nem sempre garantir o sucesso, mas fazer menos que isso garante o insucesso."
72,Uma vida nova que reserva momentos marcantes de felicidade e amor est√° prestes a come√ßar! Um viva para os noivos!
73,Enquanto a f√© estiver do meu lado vou sempre dar a volta por cima perante qualquer dificuldade.
74,"Na busca de um cora√ß√£o apaixonado, encontrei em voc√™ uma amizade para toda vida."
75,"Os tempos que passaram j√° n√£o voltam, mas as saudades que eles deixaram fazem com que eu jamais os esque√ßa."
76,"Querida imagina√ß√£o, o que mais me agrada em ti √© nunca perdoares."
77,"Esta beleza √© um anjo na Terra, um ser lindo e iluminado pelo bem. Que seja sempre muito feliz!üëº"
78,"Esse amor pode nunca mais voltar, mas voc√™ pode sempre se erguer e superar esta etapa t√£o dif√≠cil."
79,"A autoestima nem sempre cai do c√©u como a chuva, √†s vezes precisamos correr atr√°s e descobrir como somos especiais na nossa diferen√ßa."
80,"Nunca fui na hero√≠na, nunca me piquei. Foi o b√°sico: fumei, cheirei, tomei √°cido... e larguei isso tudo. Maconha ainda posso eventualmente fumar aqui e ali."
81,N√£o se deixe levar pelo des√¢nimo e jamais permita que um obst√°culo impe√ßa voc√™ de alcan√ßar o sucesso.
82,"Enquanto permitir que seus sonhos guiem seus passos, voc√™ sempre encontrar√° fortes motivos para nunca desistir da batalha."
83,Nunca subestime a capacidade das ironias do destino.
84,"As mulheres s√£o sempre poderosas, mas uma mulher decidida e focada em um objetivo √© uma for√ßa que n√£o h√° como parar."
85,O cinema possibilita o contar hist√≥rias diferentes por mais que o tema seja o mesmo: flagrar o movimento do homem rumo √† reden√ß√£o. H√° sempre uma alegoria por tr√°s da hist√≥ria.
86,A alma com medo da morte nunca aprende a viver.
87,Voc√™ nunca sai perdendo quando ganha conhecimento!
88,"Aos profissionais que me fizeram parte da minha caminhada e me incentivaram a sempre ser melhor, meu eterno agradecimento."
89,"Mais do que nunca, hoje o mundo precisa de otimismo. Custe o que custar, eu irei contribuir. üåé"
90,Aceite meu ombro amigo e saiba que pode sempre contar comigo nos momentos mais dif√≠ceis. Estou com voc√™ hoje e sempre que precisar.
91,"Um g√™nio esta sempre em evolu√ß√£o, pois sua atividade cerebral incomum √© espont√¢nea, esta sempre querendo entender o como e o porqu√™ de tudo."
92,"Aquele que nunca viu a tristeza, nunca reconhecer√° a alegria."
93,Em cada sonho meu existe uma viagem com fim para alcan√ßar. Nasci para meus sonhos realizar!
94,"Os verdadeiros vencedores sabem que grandes conquistas exigem grandes sacrif√≠cios, mas mesmo assim nunca desistem de lutar."
95,O seu cora√ß√£o ir√° levar voc√™ na dire√ß√£o certa sempre!
96,Nem sempre √© o pai rico que deixa a maior heran√ßa.
97,"Sinto muito, mas a inspira√ß√£o nunca chega primeiro do que o esfor√ßo."
98,"Demore o que demorar, custe o que custar, por mim e por todas as mulheres do mundo eu prometo jamais parar!"
99,"Sinto que nada nem ningu√©m √© rec√≠proco comigo. Eu sempre dou mais do que recebo. Vida complicada, esta!"
100,"Um sorriso tem sempre o poder de enfraquecer a tristeza, e consequentemente transmite aos que emitem muito mais beleza!"
101,O passado n√£o reconhece o seu lugar. Est√° sempre presente.
102,"A viol√™ncia n√£o √© for√ßa, mas fraqueza, nem nunca poder√° ser criadora de coisa alguma, apenas destruidora."
103,"Um marido, ainda que sendo mau, sempre √© melhor que o melhor dos sonhos."
104,"Quando se tem demasiada curiosidade acerca das coisas que se faziam nos s√©culos passados, fica-se quase sempre na grande ignor√¢ncia das que t√™m lugar no presente."
105,"A solid√£o n√£o me agrada, mas tamb√©m n√£o me incomoda porque estou sempre com a melhor pessoa do mundo: eu."
106,Jamais encontrei companheiro que me fosse mais companheiro que a solid√£o.
107,"N√£o adianta fugir, do meu cora√ß√£o voc√™ jamais conseguir√° escapar."
108,"Por mais que a verdade doa, a sinceridade nunca magoa."
109,Se sonhas com uma vida melhor s√≥ tens de lutar com todas as tuas for√ßas e nunca desistir!
110,"Estou determinado em acabar com a dist√¢ncia e matar a saudade, e vou esperar por justi√ßa: quero que o amor venha me prender para sempre nos seus bra√ßos."
111,"O mundo pode estar a ruir, mas eu sempre vou encontrar flores de todas as cores para me alegrar."
112,"Mesmo que doa, por maior que seja a decep√ß√£o eu optarei sempre pela verdade."
113,"Nenhum pessimista jamais descobriu o segredo das estrelas, ou navegou at√© uma terra desconhecida, ou abriu uma nova porta para o esp√≠rito humano."
114,Nunca diga que √© tarde demais s√≥ por ter falhado na primeira tentativa.
115,Levo meu afilhado no lado esquerdo do peito para sempre guard√°-lo e proteg√™-lo de perto.
116,"Que nossas sogras nunca se chamem Esperan√ßa, pois a esperan√ßa √© a √∫ltima que morre!"
117,"Nem me lembro como tudo come√ßou, mas sei que jamais ir√° terminar. Eu e voc√™, amigas para sempre!"
118,"Sempre sonhava com pessoas muito poderosas - ditadores e coisas assim. Sempre me impressionava com pessoas que poderiam ser lembradas por centenas de anos, ou at√© como Jesus, relembrado por milhares de anos."
119,"Os olhos de um otimista enxergam o mundo com as cores mais lindas, mas os de um pessimista veem sempre cinzento."
120,"Um homem enraivecido est√° sempre cheio de veneno. Se n√£o encontrar onde derramar, ir√° derramar dentro de si mesmo."
121,"Mesmo que hoje n√£o seja o mais incr√≠vel dos dias, sempre podemos nos apoiar na esperan√ßa de que amanh√£ ser√° melhor."
122,"A solid√£o nem sempre traz infelicidade, √†s vezes representa o caminho para a salva√ß√£o."
123,"N√£o me diga nada, deixe que eu colha em seus l√°bios a certeza de que para sempre vai me amar."
124,"Voc√™ ensina, cativa e motiva quase sem esfor√ßo; √© sempre amiga e dispon√≠vel e por isso √© a professora mais querida por todos!"
125,Podeis enganar toda a gente durante um certo tempo; podeis mesmo enganar algumas pessoas todo o tempo; mas n√£o vos ser√° poss√≠vel enganar sempre toda a gente.
126,"Mesmo que meu mundo pare√ßa estar a desabar, eu n√£o vou desistir, pois sei que Deus sempre cuidar√° de mim."
127,Vou guardar essa foto no celular para ver sempre que tiver vontade de rir. üòÇ
128,"Se voc√™ agir sempre com dignidade, pode n√£o melhorar o mundo, mas uma coisa √© certa: haver√° na Terra um canalha a menos."
129,"Sempre que o amor √© celebrado entre duas pessoas, uma poesia √© escrita para o mundo inteiro. 

Decidimos casar e convidar voc√™. Aceita?"
130,Minha fam√≠lia √© tudo para mim e agrade√ßo a Deus por poder estar sempre perto de cada um de voc√™s!
131,"D√≥i muito quando tudo termina, mas d√≥i muito mais sempre que se prolonga o que j√° n√£o tem solu√ß√£o."
132,"Sou o reflexo da supera√ß√£o dos meus medos, da vit√≥ria sobre minhas adversidades e jamais permitirei que me fa√ßam duvidar do meu valor."
133,"Eu te adoro, prima, e irei sempre adorar, porque al√©m de primas somos c√∫mplices, confidentes e irm√£s de cora√ß√£o."
134,"Eu nunca imaginei que a melhor felicidade acontece junto da loucura. Amigos doidos, voc√™s s√£o tudo para mim!"
135,√â importante entender que o sofrimento quase sempre √© uma op√ß√£o individual.
136,"N√£o h√° d√∫vida de que as conspira√ß√µes s√£o, √†s vezes, preparadas por homens de talento; mas s√£o sempre executadas por feras."
137,"Tia, a dist√¢ncia que nos separa nunca vai acabar com o sentimento que nos une."
138,"Serei sempre otimista, pois acreditar √© o primeiro passo para fazer acontecer!"
139,"A a√ß√£o nem sempre traz felicidade, mas n√£o h√° felicidade sem a√ß√£o."
140,Para minha felicidade total eu preciso ter minha fam√≠lia unida e sempre presente.
141,Carnaval √© o feriado mais esperado e quando chega √© vivido t√£o intensamente que nem sempre √© poss√≠vel record√°-lo.
142,Fracassar depois de longa perseveran√ßa √© muito mais sublime que nunca ter feito um esfor√ßo suficientemente bom para ser chamado de fracasso.
143,"Os homens s√£o sempre sinceros. Mudam de sinceridade, nada mais."
144,O fatalismo √© sempre uma doen√ßa do pensamento ou uma fraqueza da vontade.
145,"A manifesta√ß√£o da vida universal √© como a correnteza de um rio, sempre em movimento. As ondas mudam constantemente e o pr√≥prio rio pode alterar o seu leito."
146,"A beleza mais bela nunca √© percebida pelo pobre de esp√≠rito, pois este √© totalmente cego √†quilo que se lhe apresenta a tr√™s dedos ante os pr√≥prios olhos."
147,"Sorrio sempre, porque tenho f√© na for√ßa que o Senhor me d√° para alcan√ßar a paz e a felicidade!"
148,"Deixe o seu sorriso mudar o mundo, mas nunca deixe o mundo mudar o seu sorriso."
149,"Se o seu plano n√£o funcionar, mude o plano, nunca os seus objetivos."
150,A fragr√¢ncia sempre permanece na m√£o de quem oferece flores
151,"Vencer √© sempre bom, mas em equipe √© ainda mais gratificante!"
152,A uni√£o da nossa equipe foi a raz√£o do sucesso individual de cada um de n√≥s. A todos eu serei sempre gratid√£o!
153,"O avarento, por mais dinheiro que tenha guardado, aparenta viver sempre na pobreza. Ele nunca demonstrar o que possui, para deixar claro o fato de nada ter para doar"
154,"Neste dia do irm√£o eu agrade√ßo e homenageio aquele de quem nunca irei me separar. Te adoro, meu irm√£o!"
155,"Nunca estamos s√≥s, sempre temos n√≥s mesmos."
156,Sempre lutei pelos meus sonhos e mesmo n√£o os alcan√ßando continuarei a tentar!
157,"Voc√™ √© tudo que sempre sonhei, quem eu mais quero ao meu lado e a √∫nica pessoa a quem entrego meu cora√ß√£o. Voc√™ √© o grande amor da minha vida!"
158,Uma terr√≠vel perda para sempre sentida. Aceite meus p√™sames.
159,Tenho certeza que meus amigos nunca me v√£o deixar porque no grupo sou o √∫nico com alguma sanidade mental.
160,O homem nunca deve se por em posi√ß√£o em que perca o que n√£o pode se dar ao luxo de perder.
161,"Que a mente fique madura e o cora√ß√£o nunca envelhe√ßa e se mantenha imaturo, sempre pronto a amar perdidamente."
162,Que haja sempre verdade em tudo que voc√™ √©. ‚ú®
163,S√≥ meu sobrinho me faz sentir jovem como nunca! üòÑ‚ú®üíñ
164,Jamais existiu uma boa guerra ou uma paz m√°.
165,"Enquanto acreditarmos em nossos sonhos, nunca nos faltar√£o for√ßas para lutarmos por eles."
166,"Amar √© a melhor de todas as coisas, a mais bela, a que fica para sempre guardada na mem√≥ria. 

Contamos com sua presen√ßa para celebrar nosso casamento!"
167,Vive a tua f√©. Cristo n√£o √© uma figura que passou. N√£o √© uma recorda√ß√£o que se perde na Hist√≥ria. Vive! Jesus Christus heri et hodie: ipse et in saecula! diz S√£o Paulo. Jesus Cristo ontem e hoje e sempre!
168,"O escritor original, enquanto n√£o est√° morto, √© sempre escandaloso."
169,"Eu confio em Deus e irei sempre confiar, porque Ele √© grande e me protege de todo mal que existe."
170,"N√£o deixe a desilus√£o da pol√≠tica arruinar o amor pelo seu pa√≠s. Seja patriota sempre, ame e lute pelo seu pa√≠s na tempestade e na bonan√ßa."
171,"Os melhores momentos da minha vida sempre s√£o ao seu lado, meu melhor amigo e namorado!"
172,"Prima, amiga, parceira e companheira, voc√™ √© muito especial para mim e espero que nossa amizade nunca acabe!"
173,"Sinto pena de quem me critica, porque a inveja √© sempre mais dolorosa para quem a pratica!"
174,Jamais diga que as estrelas est√£o mortas s√≥ porque o c√©u est√° nublado.
175,"Lado a lado, com apoio m√∫tuo e sempre em igualdade, este √© o significado do companheirismo."
176,"Se voc√™ n√£o procura perfei√ß√£o, voc√™ nunca alcan√ßar√° excel√™ncia."
177,Jamais deixe que a sua felicidade dependa dos outros. Eles n√£o deixariam de ser felizes por voc√™.
178,"Sempre aprendo muito com voc√™, madrinha, seja com os seus conselhos ou apenas observando a pessoa incr√≠vel que voc√™ √©."
179,"Se, apesar de tudo, os homens n√£o conseguem fazer com que a hist√≥ria tenha significado, eles podem sempre agir de uma maneira que fa√ßa suas vidas terem um."
180,"Nunca perco, mas por vezes falho. √Äs vezes ganho e aprendo sempre. üí™"
181,"O que passou n√£o √© mais palp√°vel, mas felizmente continua a ser imagin√°vel. No meu presente viver√° sempre meu passado.üíñ"
182,"De tanto lutar para nunca se sentir perdido, um dia voc√™ acabar√° por encontrar o rumo certo."
183,"Al√©m de tempo de sobra, voc√™s t√™m sempre uma palavra de carinho e apoio. Adoro meus av√≥s!"
184,Mundo das Mensagens
185,Aquilo que se faz por amor est√° sempre al√©m do bem e do mal.
186,Seja a mulher que sempre quis ser e n√£o aquela que o mundo espera que seja. S√≥ dessa forma descobrir√° a sua for√ßa e o seu poder.
187,Ser solteiro √© aproveitar a noite inteira e nunca ter hora para voltar!
188,Nunca leio um livro antes de o analisar: a leitura influencia negativamente.
189,Aprendemos com a experi√™ncia que os homens nunca aprendem com a experi√™ncia.
190,Em uma vida sem amor sempre faltar√° um pouco de sabor.
191,"Confia os teus cuidados ao Senhor, e ele te suster√°: jamais permitir√° que o justo seja abalado."
192,"Eu me zango, eu reclamo, mas no fundo sei que jamais conseguiria viver sem a minha querida irm√£."
193,"Uma despedida √© sempre dolorosa, pois nunca sabemos quando diremos adeus a algu√©m pela √∫ltima vez."
194,Quem nunca chorou de tristeza n√£o sabe dar valor a um sorriso de alegria.
195,"A trai√ß√£o nunca triunfa. Qual o motivo? Porque, se triunfasse, ningu√©m mais ousaria cham√°-la de trai√ß√£o."
196,"Quando o amor √© verdadeiro nunca o esquecemos; pode ficar para tr√°s, mas para sempre continua vivo na mem√≥ria."
197,√Ä volta de uma pessoa com muito sucesso sempre haver√° muitas mais cheias de inveja.
198,T√™m coisas que s√≥ uma irm√£ como a minha consegue fazer por mim. Sou t√£o feliz por ter ela sempre ao meu lado!
199,"Quando te conheci, houve um lugar, um tempo e um sentimento. O tempo ficou marcado. O lugar ser√° sempre lembrado. E o sentimento, jamais ter√° terminado!"
200,"Tentei escrever muitas coisas, mas acabei descobrindo que amar √© melhor sentir do que dizer, e que milh√µes de frases bonitas jamais alcan√ßariam a grandeza do que sinto por voc√™. Resumindo... te amo."
201,"Voc√™ ainda poder√° ser aquilo que sempre quis, para isto uma mudan√ßa de atitudes tamb√©m poder√° mudar um destino que se fazia diferente e o feria com a infelicidade."
202,Pior do que manifestar preconceitos √© nunca tentar desfazer-se deles.
203,Sempre com um sorriso no rosto e amor no cora√ß√£o. üòÄ‚ù§
204,H√° pessoas que nunca se despem do seu orgulho. At√© ao recordarem os seus erros fazem-no com rapidez.
205,A raz√£o √© sempre mesquinha quando se coloca ao lado do verdadeiro sentimento.
206,"Se voc√™ tivesse acreditado nas minhas brincadeiras de dizer verdades, teria ouvido muitas verdades que insisto em dizer brincando... Falei, muitas vezes, como um palha√ßo, mas nunca desacreditei da seriedade da plateia que sorria."
207,A mulher que amamos sempre ter√° raz√£o.
208,"Esteja onde estiver eu jamais estarei s√≥, porque quem tem uma fam√≠lia aben√ßoada como a minha sente-se sempre acompanhado."
209,"Seja sempre esse sobrinho doce e meigo que apaixona qualquer tio ou tia como eu. Gosto muito, muito de voc√™!"
210,"O Tempo passa t√£o r√°pido, pessoas entram e saem da sua vida. Voc√™ nunca deve perder a oportunidade de dizer a essas pessoas o quanto eles significam para voc√™."
211,Hoje √© o dia do seu batismo e a partir de hoje sua f√© ir√° acompanhar voc√™ sempre.
212,Sempre levaremos a marca que esta pessoa deixou nos nossos cora√ß√µes.
213,Nunca perca sua f√© pois √© ela que lhe dar√° a for√ßa necess√°ria para encarar os momentos mais dif√≠ceis.
214,"Sempre que caio voc√™s me ajudam a levantar e em todos os meus sucessos voc√™s aplaudem de p√©. Agrade√ßo por tudo, amigos!"
215,"Nunca feche os olhos para o mundo, pois h√° pessoas que precisam do seu olhar."
216,"O amor materno √© aquele que nunca nos abandona, n√£o importa a dist√¢ncia ou o tempo."
217,"N√£o dever√≠amos dar tanta import√¢ncia √†s cr√≠ticas, pois para cada solu√ß√£o nossa sempre haver√° um cr√≠tico a nos questionar."
218,N√≥s nunca somos t√£o desamparadamente infelizes como quando perdemos um amor.
219,Precisamos de homens que possam sonhar com coisas que nunca existiram.
220,"Sejam quais forem as cirunst√¢ncias, o amor acaba sempre por vencer e unir aqueles que lutam verdadeiramente por ele."
221,"O passado e o futuro parecem-nos sempre melhores. O presente, sempre pior."
222,"Quem nunca cometeu uma loucura, n√£o pode ser considerado um sujeito normal."
223,"Que a vida nos traga sempre o que for bom e o que for para bem, e que nos fa√ßa sempre transbordar de alegria."
224,"Espero nunca descobrir quem eu sou realmente, pois assim n√£o teria mais o poder de me surpreender constantemente."
225,"A vida pode ser encarada de diferentes perspetivas, mas o melhor √© optar sempre pela mais positiva."
226,Meu amor por voc√™ √© como visita de gente chata: nunca acaba!
227,"Ser√£o sempre as quedas na vida que nos amadurecem, que nos preparam e fortalecem para novos desafios."
228,"Amor de av√≥ √© das melhores coisas do mundo, pois √© sempre cheio de carinho e aten√ß√£o."
229,"Alguns desafios da sua vida podem parecer dif√≠ceis, mas eles tamb√©m ser√£o sempre poss√≠veis at√© voc√™ desistir de lutar por eles."
230,Lembre-se que voc√™ n√£o precisa encarar os desafios da vida sem ajuda. Sempre estarei aqui para lhe dar apoio e incentivo.
231,A pior forma de tirania que o mundo sempre viu √© a tirania do fraco sobre o forte. Esta √© a √∫nica forma de tirania que dura.
232,Que Deus proteja sempre esta amizade especial que tenho com minha prima!
233,Que as dificuldades da vida nunca sejam maiores que a determina√ß√£o de ser feliz!
234,"As tuas pequenas pisadas na vida ter√£o as minhas atr√°s. Eu te amarei sempre, beb√™!"
235,A trag√©dia e a s√°tira s√£o irm√£s e est√£o sempre de acordo; consideradas ao mesmo tempo recebem o nome de verdade.
236,"A l√≠ngua das inimigas n√£o acaba nunca! Oh crueldade, ter de aturar pessoas t√£o invejosas!"
237,O sucesso √© um professor perverso. Ele seduz as pessoas inteligentes e as faz pensar que jamais v√£o cair.
238,A cal√∫nia torna sempre pior o caluniador e n√£o o caluniado.
239,Amizades verdadeiras sempre surgem no momento certo com uma palavra de consolo e um gesto de carinho.
240,"Negativo atraindo positivo s√≥ pode ser visto na F√≠sica, pois na vida real, pensamentos negativos nunca construir√£o uma hist√≥ria positiva."
241,"Nunca fa√ßa florescer um sorriso dizendo: te amo, para mais tarde fazer rolar uma l√°grima dizendo: me esque√ßa."
242,"Amar sempre vale a pena, mas insistir num amor n√£o correspondido √© tempo perdido."
243,"Voc√™ √© a menina dos meus olhos e sempre estarei aqui para o que der e vier. Amo voc√™, minha afilhada!"
244,"A dist√¢ncia pode causar saudades, mas nunca o esquecimento!"
245,√â preciso amar direito sem medo de cuidar e sempre com respeito para o amor funcionar.
246,"N√£o importa que voc√™ n√£o √© da realeza, pois aos meus olhos sempre vai ser a minha princesa."
247,Podem continuar a falar mal de mim nas costas porque a inveja nunca me incomodou de verdade.
248,"Estou solteiro, sou dono do meu nariz, do jeito que sempre quis e s√≥ fa√ßo o que me deixa feliz!"
249,√â sempre no meu n√£o aquele trauma.
250,"Nem sempre choramos quando nos sentimos tristes, √†s vezes a infelicidade esconde-se atr√°s de um sorriso qualquer."
251,Achei que nossa hist√≥ria nunca pudesse chegar ao fim. -  Rodriguinho
252,"Melhor amigo √© algo precioso, que se guarda no fundo do peito e n√£o se abandona nunca! üëä"
253,"Quero estar sempre perto, madrinha, porque, em voc√™, encontrei uma amiga de verdade. Agrade√ßo por t√™-la na minha vida!"
254,"Necessitamos sempre de ambicionar alguma coisa que, alcan√ßada, n√£o nos torna sem ambi√ß√£o.."
255,Um sonho s√≥ se torna realidade se voc√™ tem coragem de n√£o desistir dele.
256,"Tudo sempre muda, e o nosso papel √© se adaptar. üí™"
257,"Meu Deus amado, meu Deus bondoso, eu Te agrade√ßo pela fam√≠lia unida, saud√°vel e feliz que tenho ao meu lado. Serei sempre gratid√£o!"
258,Nunca √© muito tarde para abandornarmos nossos preconceitos.
259,Sente falta? Procure. Ama? Diga que ama. Demonstrar seus sentimentos n√£o machuca. Nunca se sabe qual vai ser sua √∫ltima chance.
260,"Voc√™ √© o namorado que sempre sonhei ter na vida e aquele que amo e irei sempre amar. Obrigada, meu bem, por seres perfeito para mim!"
261,"Quando a amizade √© verdadeira a dist√¢ncia √© mero detalhe, pois amigos que se amam s√£o amigos para sempre!"
262,"A vida nem sempre √© f√°cil, por isso Deus criou os verdadeiros amigos, anjos guerreiros que lutam conosco e nos ajudam a superar qualquer momento."
263,"Mesmo sozinho, o Sol nunca deixou de brilhar. Fa√ßa o mesmo."
264,O amor que se tem por um cachorro √© t√£o puro e √∫nico que jamais pode ser comparado pelo mesmo sentimento sentido por um ser humano.
265,A mulher ser√° sempre o perigo de todos os para√≠sos.
266,A amizade s√≥ √© eterna quando o carinho e o respeito do outro prevalecem sobre nossa pr√≥pria vontade!
267,"Ah, se a vida fosse sempre esta mistura de sol e mar, eu seria a pessoa mais feliz do mundo!"
268,A natureza nunca nos engana. Somos sempre n√≥s que nos enganamos.
269,"Pode o c√©u desabar sobre a minha cabe√ßa, mas o que sobrar de mim continuar√° sempre a te amar eternamente."
270,"Irei sempre amar voc√™, aconte√ßa o que acontecer; irei cuidar do seu cora√ß√£o todos os dias, desde o deitar at√© amanhecer."
271,O cinema falado nunca dar√° certo. √â barulhento demais e impede que as pessoas durmam durante o filme.
272,"Aquele que pergunta √© um tolo por cinco minutos, mas aquele que n√£o pergunta permanece um tolo para sempre."
273,"Aquela ilus√£o que vive ao nosso lado desde sempre, e outras criadas por nossa alma a cada necessidade do esp√≠rito, se transformam na ess√™ncia que ir√° reger o prazer, a felicidade e a beleza de uma vida plena."
274,Quem nunca perde de vista o inimigo est√° defendido da necessidade de descobrir fragilidades e fraquezas que se manifestam no seu pr√≥prio campo.
275,Nunca deixe seu amor ir. V√° atr√°s dele e seja feliz!
276,O sil√™ncio √© um amigo que nunca trai.
277,A fama deve surgir como um dos resultados de um bom trabalho e nunca ao contr√°rio.
278,"Sempre que algo falhar, batalhe ainda mais forte at√© encontrar empenho novamente!"
279,Nunca √© perdido o tempo dedicado ao trabalho.
280,"Ter um verdadeiro amigo √© compreender e ser compreendido, √© nunca estar s√≥ mesmo quando em total solid√£o."
281,Alguns causam felicidade onde quer que eles v√£o; outros sempre que se v√£o.
282,"A boa m√∫sica nunca se engana, e vai direita, buscar ao fundo da alma o desgosto que nunca devora."
283,Vamos sempre a tempo de recuperar o que o tempo um dia nos levou.
284,"√â sempre valioso o passado de algu√©m, pois √© dele que depende seu dia de hoje.‚è™"
285,Nunca me esquecerei da felicidade que senti neste dia! üòÜ
286,O caminho escolhido pela intui√ß√£o nem sempre √© o mais f√°cil para alcan√ßar a t√£o sonhada realiza√ß√£o.
287,"Despedidas n√£o trazem m√°goas, mas condenam cora√ß√µes a saudades eternas."
288,"Paix√£o √© uma coisa que vem e que passa, j√° o AMOR √© algo que n√£o se acaba nunca apenas se transforma."
289,"O caminho foi dif√≠cil e sofrido, mas finalmente estou mais forte do que nunca. Recuperar-se de um cora√ß√£o partido n√£o √© f√°cil, mas √© necess√°rio."
290,"O culto ao hero√≠smo existe, existiu e existir√° para sempre na consci√™ncia da humanidade."
291,H√° finais t√£o felizes que jamais deveriam acabar. Bom fim de semana!
292,"Se ficarmos reparando nos defeitos das outras pessoas nunca iremos participar da vida, pois vamos nos contentar com as nossas desculpas."
293,"Obrigada pela paci√™ncia, por lutar por mim e por me compreender como ningu√©m. Voc√™ √© tudo que sempre sonhei, meu amor!"
294,As amizades reatadas requerem maiores cuidados que aquelas que nunca foram rompidas.
295,Uma m√°xima admir√°vel: nunca mais falar das coisas depois de elas j√° estarem feitas.
296,Eu nunca aprendi nada na minha vida atrav√©s de qualquer homem que tenha concordado comigo.
297,"Para um homem azarado, n√£o tomar iniciativa √© sempre o melhor."
298,"Se o amor que sinto por ti for um sonho, quero dormir para sempre."
299,O mentiroso √© sempre pr√≥digo de juramentos
300,"Minha vida deu muitas reviravoltas, mas elas nunca largaram meu p√©. Adoro voc√™s, amigas!"
301,Quem nasceu para ser princesa jamais ser√° outra coisa. Guarde sempre sua coroa no cora√ß√£o!
302,"N√£o desista, o que realmente vale a pena demora sempre tempo a conquistar."
303,"Desconfio de quem est√° sempre sorrindo, pois isso pode ser apenas uma m√°scara para esconder alguma tristeza."
304,O culpado da revela√ß√£o de um segredo √© sempre quem o confiou.
305,Sempre entrego ao mundo o meu melhor! üôå
306,"Devemos amar-nos com unhas e dentes. Se n√£o somos o amor da nossa vida, nunca seremos amados verdadeiramente."
307,"Ela √© amiga, √© parceira e √© para vida toda, afinal, uma irm√£ assim √© para levar sempre do lado esquerdo do peito!"
308,"N√£o suporto falsidade e mentira. A verdade pode machucar, mas √© sempre mais digna."
309,Levo a f√© no meu cora√ß√£o e a palavra divina na minha mente para que o Senhor sempre me proteja e me impe√ßa de sair do caminho do bem.
310,Hoje em dia as pessoas t√™m medo de expressar seus sentimentos. A vida √© bela para quem sabe viv√™-la. Sorria sempre pois √© um dos dons mais preciosos que tens.
311,O luto √© necess√°rio mas nunca ser√° suficiente para aceitar a despedida dos que amamos!
312,"J√° percorri estradas cinzentas e em caminhos de todas as cores vivas, mas nunca me transformei em algo que n√£o sou!"
313,"Sempre que puder, se coloque no lugar do outro, pois isso ir√° abrir a sua mente e fazer com que voc√™ compreenda melhor o mundo ao seu redor."
314,"Os verdadeiros amigos nos fazem sentir que n√£o importa o problema que tenhamos que enfrentar, eles sempre estar√£o ao nosso lado."
315,"As grandes paix√µes, aquelas que chegam de repente, sempre trazem consigo as suspeitas."
316,"Amar voc√™ √© muito f√°cil, vov√¥, ali√°s, nunca conheci algu√©m t√£o fofo e amigo em toda minha vida! Quer orgulho ter um av√¥ assim!"
317,"A vida pode dar mil reviravoltas e o mundo pode at√© mudar de cor, mas quando amizade √© verdadeira ela se mant√©m eterna."
318,A paz e a alegria ter√ßa-feira ficar√£o gravadas na minha mem√≥ria para sempre.
319,"Um amigo para sempre √© aquele que nunca sai do seu lado durante uma luta, mesmo quando ele sabe que n√£o √© poss√≠vel vencer."
320,"Sempre vou estar aqui para cuidar, proteger e amar voc√™, sobrinho!"
321,"Entre o vermelho do amor, o amarelo da uni√£o e o rosa da cumplicidade, eu escolho ter uma amizade colorida e pintar um quadro que nos manter√° juntos para sempre."
322,"Pelas ruas que passei, e pessoas que encontrei; voc√™ foi uma delas que jamais esquecerei."
323,Os amores proibidos s√£o sempre t√£o intensos que se n√£o fossem t√£o bons seriam logo permitidos.
324,Tudo seria mais f√°cil se pudesse voltar no tempo e matar esta saudade que ser√° eterna.
325,Aprendi com as Primaveras a me deixar cortar para poder voltar sempre inteira.
326,Um dos piores erros da humanidade √© tomar sempre como imperfeito o que n√£o lhe √© compreendido.
327,Eu adoro meu ex-namorado! Se n√£o fosse por ele nunca teria conhecido meu atual.
328,"Sempre que o s√°bado eu me sinto especialmente feliz, parece que o tempo para e s√≥ a alegria acontece. Feliz s√°bado para todo mundo!"
329,"Nem sempre estar sem companhia significa estar em solid√£o, da mesma forma que muitos se sentem s√≥s mesmo estando acompanhados."
330,"Meu cora√ß√£o tem a porta aberta, por isso entre e marque minha vida para sempre!"
331,"Seja lucidez ou loucura, se vem de uma amiga ser√° sempre bem-vinda!"
332,"Acordo sempre feliz, de cora√ß√£o cheio de alegria e alma serena. Tudo isso porque amo voc√™, meu bem!"
333,"N√£o se engane, pois mesmo a morte, n√£o quita todas as naturezas de d√≠vidas, ainda poder√° ter muito que acertar com aquele, que sempre esteve ao seu lado, dando lhe condi√ß√µes para quitares outras d√≠vidas, e foste por ti ignorado."
334,"A verdade nunca √© injusta; pode magoar, mas n√£o deixa ferida."
335,Algu√©m sempre escreve com√©dias no mais profundo momento de histeria.
336,Escrever √© tantas vezes lembrar-se do que nunca existiu.
337,"Se voc√™ fosse a Terra, eu seria a Lua, sempre perto e girando ao seu redor."
338,O nosso relacionamento nunca mais ser√° como antes. O meu desejo √© que seja muito melhor!
339,Jamais permita que as escurid√µes da vida ofusquem a luz que vem do seu cora√ß√£o.
340,"√â tudo uma quest√£o de f√©, de n√£o dar nenhuma batalha como perdida, acreditando sempre e com todas as for√ßas at√© ao fim."
341,"Fa√ßa o bem, d√™ o seu melhor, a vida sempre responder√° com reciprocidade."
342,Tenha muito cuidado com quem sempre discorda de voc√™. E tenha mais cuidado ainda com quem sempre concorda com voc√™.
343,"Desejo tanto voc√™ e mesmo que a dist√¢ncia n√£o permita, a for√ßa do nosso amor vai sempre nos aproximar."
344,"Meu afilhado, nunca perca este sorriso que voc√™ tem e que √© capaz de iluminar o mundo inteiro."
345,"Tenho muito orgulho em voc√™, sobrinho lindo do meu cora√ß√£o! Que a vida lhe sorria sempre."
346,"Amiga falsa √© o g√™nero de pessoa mais pobre que existe. Ela usa uma capa de boazinha, mas demonstra sempre fraca personalidade."
347,A vida de um sonhador √© sempre um final feliz.
348,"Jamais perca o entusiasmo pela vida, pois o amanh√£ tem como principal fun√ß√£o nos proporcionar sempre mais um ponto de partida."
349,"Sonhos dif√≠ceis n√£o merecem desist√™ncia, mas sim persist√™ncia da sua parte."
350,"O mal de valorizar demais a vaidade √© que um dia a beleza acaba, e a √∫nica coisa que sobra √© o sempre desprezado car√°ter."
351,"Triste, sim. Sem esperan√ßas, nunca! üôè"
352,"Eu sou um homem velho e conheci um grande n√∫mero de preocupa√ß√µes, mas a maioria delas nunca aconteceu."
353,"Eu nunca amei algu√©m igual amo voc√™, porque nunca encontrei uma uni√£o t√£o perfeita como a nossa!"
354,"Bem-vindos, alunos e alunas! Que este seja o melhor in√≠cio de aulas de sempre! Divirtam-se e aprendam."
355,"Alguns amores decepcionam, mas o amor-pr√≥prio sempre valer√° a pena."
356,"Minha estrat√©gia sempre foi fazer minha pr√≥pria corrida. Somente voc√™ pode determinar seu desafio pessoal. N√£o deixe a competi√ß√£o, ou seu oponente, determinar qual deve ser seu desafio."
357,"Mulheres fortes sempre existiram ao longo da hist√≥ria, mas que alegria em ver que, finalmente, tamb√©m s√£o reconhecidas e respeitadas pela sua import√¢ncia."
358,"Voc√™ nunca sabe quanto tempo voc√™ tem com algu√©m, ent√£o n√£o esque√ßa de dizer eu te amo enquanto voc√™ pode."
359,Eu j√° fiz 170 filmes e nunca tentaria me agarrar neles como idiota. J√° n√£o tenho mais nada a perder.
360,"Quem ama demonstra, revela, cuida e nunca se fica pelas palavras, mas sim pelos gestos."
361,J√° n√£o sei mais o que √© amar desde que a luz dos olhos do amor da minha vida para sempre deixou de brilhar.
362,"Vou tomar as r√©deas do destino e transform√°-lo no que eu sempre quis, come√ßando pelo que √© mais importante para mim: voc√™. Quer namorar comigo?"
363,Nunca sabemos qual ser√° a √∫ltima vez que veremos um lugar ou uma pessoa.
364,Tenha uma vida de paz e nunca tenha a infelicidade de se cruzar com uma pessoa igual voc√™!
365,N√£o importa o que voc√™ diga sempre algu√©m vai entender algo absolutamente diferente do que voc√™ quis dizer.
366,"H√° amizades que come√ßam por acaso, se constroem em pequenos momentos e que acabam por durar uma vida inteira."
367,"A melhor esposa do mundo √© voc√™ e o cora√ß√£o mais apaixonado de sempre √© o meu. Te amo, meu bem!"
368,Ter voc√™ como afilhada √© uma gra√ßa que eu nunca vou deixar de sentir gratid√£o por receber. Amo voc√™!
369,"Tudo que eu preciso √© que voc√™ fa√ßa sempre parte da minha vida. Amo voc√™, sobrinho!"
370,"Deus sabe o que √© melhor para n√≥s, por isso seguir seus caminhos ser√° sempre a decis√£o mais acertada que poderemos tomar."
371,Voc√™ nunca vai me desiludir porque jamais vou confiar em voc√™!
372,O retorno que colhemos de a√ß√µes generosas n√£o √© sempre evidente.
373,"Os dias s√£o sempre especiais, mas o p√¥r do sol √© ainda mais!"
374,"Sou grata e sempre serei a voc√™, meu amor e eterno namorado. Eu lhe agrade√ßo por cuidar de mim com tanto carinho e dedica√ß√£o."
375,"Nem sempre tenho as melhores atitudes, nem sempre fa√ßo o que est√° certo, mas o que sai de mim √© genu√≠no, √© tudo que tenho para dar."
376,Um homem jamais deveria negligenciar sua fam√≠lia pelo trabalho.
377,"N√£o sinto s√≥ orgulho por voc√™, mas tamb√©m uma profunda admira√ß√£o. Voc√™ √© o sobrinho que sempre sonhei ter na vida."
378,"Agora, aqui e ao seu lado √© minha realidade; eternamente, em qualquer lugar e unidos ser√° sempre meu desejo. Amo muito voc√™, marido!"
379,"Voc√™ √© o namorado que sempre desejei ter na vida, o homem dos meus sonhos, o ser mais lindo deste planeta!"
380,Nenhum homem s√°bio jamais desejou ser mais jovem.
381,"Os inimigos tamb√©m deve ser valorizados, pois sempre nos apontam novas formas de lidarmos com a t√£o odiada falsidade."
382,"A minha confian√ßa no Senhor √© gigante e cega, por Ele vou at√© ao fim do mundo. Irei sempre acreditar na Sua palavra!"
383,Um noivado √© sempre motivo de esperan√ßa. Aproveitem o casamento e sejam felizes para sempre!
384,"Uma amizade eterna n√£o precisa ser provada todos os dias, mas sim quando algu√©m est√° precisando."
385,"Posso chorar, sofrer e desesperar, mas depois de esquecer nunca mais voltarei a lembrar."
386,"√â triste saber que nosso relacionamento chegou ao fim, mas fico feliz em ter dividido momentos t√£o marcantes ao seu lado. Voc√™ ter√° sempre a minha amizade."
387,"Com voc√™ descobri que o amor jamais pode ser forjado, √© um sentimento que preza pela sinceridade, sen√£o nunca ter√° a companhia da felicidade."
388,"Por detr√°s da Alegria e do Riso, pode haver uma natureza vulgar, dura e insens√≠vel. Mas, por detr√°s do Sofrimento, h√° sempre Sofrimento. Ao contr√°rio do 

prazer , a dor n√£o tem m√°scara."
389,"Podem at√© falar que voc√™ tem defeitos, mas para mim sempre revelou grandes qualidades. Dinda, eu adoro voc√™!"
390,Quando meu mundo desaba √© voc√™ quem segura minha m√£o sem jamais a largar.
391,"Um artista nunca pode ser absolutamente ele mesmo em p√∫blico, pelo simples fato de estar em p√∫blico. Pelo menos, ele precisa sempre de ter alguma forma de defesa."
392,"Aqui ou em outro lugar, hoje e amanh√£, eu irei sempre te amar. ‚ù§Ô∏è"
393,"O tempo passa, as circunst√¢ncias se alteram e todos n√≥s vamos mudando, mas uma verdadeira amizade permanece sempre igual, mesmo perante todos esses cen√°rios."
394,"Nunca quero esquecer o meu passado, pois foi ele que me tornou esta mulher forte que sou hoje!"
395,"Enfrente algo que √© dif√≠cil; isso te far√° bem. A menos que voc√™ tente fazer algo al√©m do que voc√™ j√° domina, voc√™ nunca crescer√°."
396,"Estou triste, mas isso √© tempor√°rio pois jamais vou desistir de ser feliz."
397,"Se o tempo passa e n√£o volta mais atr√°s, fa√ßa com que os grandes momentos que viveu se repitam para sempre!"
398,Melhor amigo √© aquele que n√£o come ou bebe sem compartilhar nem sorri se seu amigo estiver a chorar!
399,Um minuto de conforto ao lado da pessoa certa e recupero de um ano de ang√∫stia ao lado de quem nunca me fez bem!
400,"Jamais esquecerei meu ex, ele sempre far√° parte da minha mem√≥ria... pelas piores raz√µes."
401,"Apaixonado ou solit√°rio, o cora√ß√£o n√£o pode esquecer... que o grande amor de uma vida sempre √© o Senhor."
402,"Seja forte, tenha coragem e lembre-se que estarei ao seu lado sempre. Sinto muito pela sua perda."
403,"Que nossa amizade dure mais que a eternidade, e que a eternidade nunca acabe para que n√≥s sempre possamos ser amigos."
404,O universo √© uma enorme injusti√ßa. A felicidade foi sempre uma injusti√ßa.
405,"Que as derrotas da vida n√£o sejam motivo para tristeza. Lute hoje e sempre, pois s√≥ assim voc√™ ser√° um vencedor."
406,Voc√™ v√™ coisas e diz: Por que?; mas eu sonho coisas que nunca existiram e digo: Por que n√£o?
407,Confio em Deus porque sinto Sua presen√ßa sempre comigo e sei que Ele me faz mais forte.
408,"O abra√ßo mais sentido, puro e aconchegante foi sempre o seu. Eu adoro voc√™, vov√≥!"
409,"Os afetos podem, √†s vezes, somar-se. Subtrair-se, nunca."
410,"Ter esperan√ßa √© acreditar que existe sempre uma sa√≠da, at√© mesmo para os problemas quem parecem imposs√≠veis de superar."
411,N√£o estou sempre com fome; tamb√©m h√° momentos em que tenho sono. üòÑ
412,Seja uma pessoa emp√°tica para olhar o outro sempre com honestidade e compreens√£o.
413,Amor n√£o se conjuga no passado; ou se ama para sempre ou nunca se amou verdadeiramente.
414,S√≥ merece a felicidade quem acorda todos os dias disposto a conquist√°-la.
415,Educa√ß√£o nunca foi despesa. Sempre foi investimento com retorno garantido.
416,"Tenho mil defeitos e erro toda hora, mas sou assim mesmo e acho que jamais irei mudar."
417,Um patriota deve sempre estar pronto para defender seu pa√≠s contra seu governo.
418,"A vida pode ser injusta e a tristeza pode nos consumir, mas saiba que em mim voc√™ sempre vai encontrar apoio e um ombro para desabafar."
419,"A verdade pode trazer muitas tristezas e decep√ß√µes, mas nunca ilus√µes de uma realidade falsa e inexistente."
420,Serei fiel a mim mesma sempre que errar e nada far√° com que fuja √† responsabilidade de um pedido de desculpa!
421,"As pedras que aparecem no nosso caminho servem para nos mostrar que sempre existem outras estradas para se seguir, o importante √© sempre continuar em frente."
422,"Os governos jamais aprenderam nada da hist√≥ria, ou agiram segundo os princ√≠pios deduzidos dela."
423,"Ter o amor de um irm√£o na vida √© saber que nunca se estar√° s√≥, pois aconte√ßa o que acontecer esse la√ßo jamais ser√° quebrado."
424,"Amo a liberdade, por isso deixo livre tudo que tenho... Se voltar √© porque conquistei, se n√£o, √© porque nunca possu√≠!"
425,"Sozinho mas n√£o solit√°rio, quem tem f√© nunca est√° sozinho."
426,"O mal existe, mas nunca sem o bem, tal como a sombra existe, mas jamais sem luz."
427,Nunca vou beber √°gua do sanit√°rio por dois motivos: N√∫mero 1 e N√∫mero 2
428,Voc√™ √© um sobrinho muito querido e uma das minhas maiores alegrias como tia sempre foi ajudar a cuidar de voc√™! Para mim voc√™ ainda √© um anjo!
429,"A dist√¢ncia p√µe o amor √† prova, mas jamais consegue abalar aquele que √© verdadeiro."
430,"Nunca, Nunca, Nunca deixe algu√©m te dizer que aquilo que voc√™ acredita √© babaquice, que de repente o teu sonho n√£o vai dar certo..."
431,"Nossos pensamentos s√£o as sombras de nossos sentimentos - sempre mais obscuros, mais vazios, mais simples que estes."
432,"Frase pronunciada em 1967, querendo aludir que o aprendizado para ele jamais cessa, n√£o importa a idade."
433,"N√£o h√° nada que d√™ tanta felicidade como o prazer de realizar um sonho, por isso, nuca desista e corra atr√°s dos sonhos."
434,As pessoas se desiludem por descobrirem que perderam o que nunca tiveram.
435,"Jamais duvide da sua intui√ß√£o, ela √© a percep√ß√£o imediata do nosso instinto sem interfer√™ncia da argumenta√ß√£o."
436,"Hoje recordamos com saudade a vida dos que j√° partiram deste mundo, mas para sempre estar√£o presentes em nossos cora√ß√µes!"
437,Investir em conhecimentos rende sempre melhores juros.
438,"Mesmo que na sua vida nem tudo tenha corrido como esperava, supere todas essas decep√ß√µes e prossiga sempre de cabe√ßa erguida."
439,"Aconte√ßa o que acontecer e passe o tempo que passar, as amizades verdadeiras nunca perdem sua import√¢ncia em nossas vidas."
440,Trabalha como se vivesses para sempre. Ama como se fosses morrer hoje.
441,"A viol√™ncia √© sempre terr√≠vel, mesmo quando a causa √© justa."
442,"Aceite a vida do jeito que ela √©, mas nunca perca o desejo de a transformar em algo bem melhor."
443,"Sejam quais forem as suas circunst√¢ncias, nunca permita que levem de voc√™ a esperan√ßa."
444,"Nem sempre √© f√°cil, mas nunca ser√° dif√≠cil demais. Amor, lado a lado a felicidade sempre acontece. üòª"
445,As √∫nicas pessoas que nunca fracassam s√£o as que nunca tentam.
446,"Ah, tia, como gosto de voc√™. Sinto que nossa conex√£o √© forte e √© certo que estamos sempre em sintonia!"
447,"O contr√°rio do pessimismo raramente √© o otimismo. O contr√°rio do pessimismo, se n√£o √© a boa inten√ß√£o de injetar for√ßa nos fracos, o que √© bonito e faz bem, √© quase sempre a idiota."
448,"Sei que nossa amizade ser√° eterna, pois n√£o importa quanto tempo estamos longe, o sentimento √© sempre igual."
449,"Nas m√£os de Deus coloco meu cora√ß√£o, minhas dores e meu sonhos, pois sei que Ele cuida de mim e nunca me abandonar√°!"
450,"N√£o importa com quem voc√™ se case, sempre acorda casado com outra pessoa."
451,"Eu vivo muito alegre, muito feliz, trabalho, tenho sempre muita gente em volta de mim, muita, muita gente na minha vida, √© disso que eu gosto."
452,"Um amor s√≥ nosso, uma amizade para sempre. Eu te adoro, prima!"
453,"Nunca hesite em pedir desculpas. Mesmo que elas n√£o sejam aceites, voc√™ ganhar√° uma consci√™ncia tranquila."
454,"Tudo √© belo e tudo √© bom, nada √© ruim ao seu lado, afilhada. Que a felicidade seja sempre sua aliada na vida!"
455,"Quando os homens n√£o olham para a natureza, julgam sempre poder melhor√°-la."
456,"Obrigado, cliente, por me dar a chance de realizar um trabalho que aquece minha alma. Esperamos sempre continuar com esta parceria."
457,"Entre sonhos, desejos e planos, o importante √© nunca desistir."
458,Sempre que sentir vontade de desistir lembre-se que seus sonhos podem ser alcan√ßados no pr√≥ximo passo que der.
459,"Voc√™ me protege, educa e d√° √¢nimo para vida! Voc√™ √© meu pai, o homem que amo e irei sempre amar!"
460,"Um dia a tristeza vai embora e a m√°goa desaparece, mas esta saudade ir√° sempre permanecer no meu cora√ß√£o."
461,"Deus nunca me deixou mal, nunca me voltou as costas. A Ele eu sou fiel, confio cegamente na Sua palavra."
462,O homem que jamais errou foi aquele que jamais fez coisa alguma.
463,"Que nunca diminua, que nunca se acabe este amor que compartilhamos, amiga!"
464,H√° uma alegria inexplic√°vel que nascer√° em seu cora√ß√£o sempre que procurar fazer o bem ao seu pr√≥ximo.
465,Nunca permita que algu√©m destrua sua paz interior.
466,"Sempre vi voc√™ como uma amiga mais velha, tia. Algu√©m com quem posso brincar, mas tamb√©m com quem tenho conversas s√©rias. Obrigada pela amizade, tia!"
467,N√£o acredito que me deixei levar pela emo√ß√£o e entreguei meu cora√ß√£o a quem nunca mereceu.
468,"Meu crush √© meu tudo: minha raz√£o, meu desejo e at√© meu fruto proibido que sempre quero saborear!"
469,"Meu pai costuma dizer sempre que se, quando voc√™ morrer, se tiver feito cinco amigos verdadeiros, ent√£o voc√™ teve uma vida not√°vel."
470,A sua alegria ser√° sempre minha alegria. Eu adoro meu sobrinho!
471,"Sempre que conhecemos algu√©m pela sua bondade, alem da admira√ß√£o, devemos tamb√©m imita-lo, mas se conhecermos m√°s pessoas, antes de julg√°-las, devemos nos auto-analisar e tirar proveito desta ocasi√£o, para um bom exame de consci√™ncia."
472,Jamais seja um obst√°culo para s√≠ mesmo.
473,"Aquele que passou a vida toda nos desvios das virtudes, e ainda exacerbou suas maldades contra os menos favorecidos, jamais ser√° interpretado como dignidade o ato deste, ao preparar-se para a morte, mudando de atitudes apenas na v√©spera."
474,Uma fam√≠lia aben√ßoada ser√° sempre uma fam√≠lia unida que se ajuda e est√° presente em todas as situa√ß√µes.
475,Nunca duvide porque sua for√ßa vem de Deus.
476,"N√£o tem jeito, voc√™ √© meu! Aconte√ßa o que acontecer ao mundo, iremos sempre nos amar! üíë"
477,Seja fiel aos seus sonhos: jamais desista deles.
478,"Por mais humilhado que seja o teu inimigo, ele ser√° sempre tem√≠vel."
479,"A vingan√ßa procede sempre da fraqueza da alma, que n√£o √© capaz de suportar as inj√∫rias."
480,Jamais algu√©m se arrependeu de ter-se acostumado a madrugar e a ter-se casado jovem.
481,"Depois de cativar o sorriso apaixonado de uma mulher, fa√ßa com que ele permane√ßa assim para todo sempre."
482,"Nem o mal dura sempre nem a madrugada √© infinita. Calma, logo logo esses pensamentos ir√£o desvanecer."
483,"Voc√™ significa o mundo inteiro para mim, e sempre farei de tudo para proteg√™-lo. Te amo! üë∂üíô"
484,"Que a for√ßa nunca seja demais, o foco de menos e a f√© esteja sempre inabal√°vel!"
485,"O amor entre voc√™s √© infinito e se torna mais forte com o passar dos dias! Que a felicidade esteja sempre presente nas suas vidas, queridos noivos!"
486,"O primeiro castigo do criminoso √© o da pr√≥pria consci√™ncia, que o julga e que nunca o absolve."
487,A gentileza sempre volta para quem a pratica.
488,"Na natureza, nada est√° sempre certo. Contudo, se tudo est√° indo bem... alguma coisa est√° errada."
489,"Sentir gratid√£o √© revelar a bondade que vive no nosso cora√ß√£o, √© espalhar o melhor de n√≥s, e ter sabedoria para entender que na vida h√° sempre um motivo para sorrir."
490,√Äs vezes s√≥ precisamos perder o medo de nos assumirmos como somos para que nosso cora√ß√£o comece a brilhar como nunca antes.
491,"A vida deve ser celebrada em qualquer situa√ß√£o, mas o ch√° de beb√™ √© sempre um √≥timo motivo. Conto com voc√™ para esta linda festa do meu nen√©m!"
492,"Se voc√™ se acha muito pequeno para fazer a diferen√ßa, voc√™ nunca esteve na cama com um mosquito."
493,Bons amigos s√£o raros e valiosos e aos meus eu agrade√ßo por todo bem que me fazem desde sempre!
494,"Mesmo que voc√™ troque de objetivos, o importante √© sempre seguir em frente e procurar ser feliz."
495,Agora que estamos separados eu desejo que sua vida seja muito feliz e sempre com minha imagem no seu pensamento!
496,"A diferen√ßa n√£o me assusta, mas sim a normalidade que carece sempre de originalidade."
497,"O caminho nem sempre ser√° f√°cil, mas se o sonho existe a possibilidade de o realizar tamb√©m!"
498,Se estamos determinados a lutar por um sonho √© porque provavelmente ele existe para ser conquistado por n√≥s. Acredite nisso e jamais desista!
499,A √°guia nunca perde tanto tempo como quando tenta aprender com o corvo.
500,Uma mudan√ßa sempre deixa o caminho aberto para outras.
501,Ao teu lado sinto tudo que nunca antes senti. Te amo muito! üíóüíó
502,Nunca √© f√°cil se despedir de algu√©m especial. Desejo for√ßa e f√© para voc√™ neste momento dif√≠cil. Sinto muito.
503,"Todos os dias podemos criar novas amizades, mas poucas v√£o durar para sempre!"
504,Este dia do amigo vai ser incr√≠vel porque ser√° passado ao lado daqueles que nunca me voltaram as costas e sempre se mantiveram ao meu lado demonstrando toda sua amizade.
505,Quem ama de verdade jamais lutar√° contra um adeus se disso depender a felicidade da pessoa amada.
506,"Posso um dia ter mil e uma dificuldades na vida mas eu sei que a irei sempre ter ao meu lado para me proteger. Te adoro, dinda!"
507,"Mais importante do que ter ser√° sempre ser. Beb√™, sirva-se do amor dos outros e ame tudo e todos sem exce√ß√£o."
508,Quem tem luz pr√≥pria jamais se perder√° no seu caminho.
509,O que mais me d√≥i √© saber que eu e voc√™ nunca seremos n√≥s.
510,"Quando os ricos fazem a guerra, s√£o sempre os pobres que morrem."
511,A vida acaba sempre por sorrir para quem escolhe acreditar.
512,"H√° sempre uma sa√≠da para um romance que n√£o deu certo, seja a passagem do tempo que tudo cura ou um amor maior que aparece."
513,"Mulheres fortes sempre ser√£o temidas por pessoas fracas, nunca por quem deseja o melhor para o mundo."
514,Quase sempre a maior ou menor felicidade depende do grau de decis√£o de ser feliz.
515,"A saudade que sinto pelos meus amigos √© gritante, mas nunca ser√° maior do que o amor que tenho por eles!"
516,"No pa√≠s do futebol uma partida tem o poder de paralisar uma popula√ß√£o inteira, mas jamais ser√° capaz de controlar a minha vida."
517,Tenho sempre um sorriso guardado em mim para quando dos outros nenhum me √© oferecido.
518,As noites de ver√£o trazem sempre ventos que podem realizar sonhos de amor.
519,N√£o desista agora do seus sonhos. Voc√™ est√° mais perto que imagina!
520,Quem est√° distante causa-nos sempre maior impress√£o.
521,"As melhores amigas n√£o s√£o as que est√£o sempre perto, mas as que choram e riem com voc√™ mesmo quando est√£o longe."
522,N√£o abdique da sua f√© para que nunca lhe falta for√ßa para lutar por aquilo em que acredita.
523,Os melhores conselhos s√£o sempre os mais dif√≠ceis de seguir.
524,N√£o sou exigente; tudo que pe√ßo da vida √© que seu amor e sua companhia nunca me sejam negados.
525,A diferen√ßa entre o sucesso e o fracasso vai sempre depender da determina√ß√£o.
526,"N√£o se preocupe em ter todas as respostas, pois sempre haver√£o novas perguntas. Foque em aproveitar o seu dia e ter uma √≥tima quinta-feira!"
527,"Voc√™ tem uma chance de se dar bem, basta que jogue fora tudo que √© e se torne no que jamais ser√°!"
528,Seja feliz ao lado de quem lhe quer bem para que nunca falte amor √† sua vida!
529,"Saiba sempre demonstrar gratid√£o, pois nada faz uma pessoa t√£o feia quanto um cora√ß√£o ingrato e ruim."
530,Amizades verdadeiras duram para sempre porque aqueles que fazem parte dela sabem o valor de ter um bom amigo.
531,Persista mais um pouco no que acredita e desista sempre da vontade de desistir.
532,Apoie sempre grandes causas e fa√ßa a sua parte para impedir que as injusti√ßas se propaguem pelo mundo.
533,Acho que aos olhos das minhas inimigas eu sou o que elas jamais ter√£o capacidade de ser um dia.
534,"A esperan√ßa √© um alimento da nossa alma, ao qual se mistura sempre o veneno do medo!"
535,O amor que nos une ser√° sempre a resposta para todas as minhas incertezas.
536,"Reconhe√ßa seus limites, mas nunca duvidando das suas capacidades. üëä"
537,"N√£o tenho palavras nem gestos que ajudem voc√™ nesta hora dif√≠cil, mas estarei sempre aqui. Sinto muito sua perda."
538,Voc√™ pode cair no ch√£o e at√© se sujar de lama que para mim ser√° sempre a pessoa mais bela deste mundo!
539,As maiores conquistas s√≥ podem ser alcan√ßadas pelas pessoas que n√£o desistem e n√£o viram as costas para os seus problemas.
540,"Eu caio e me levanto, nunca desisto, fico mais forte e depois‚Ä¶caio de novo! üò∂"
541,"Eu sei que h√° pessoas que nunca v√£o me desiludir, at√© porque nunca ser√£o da minha confian√ßa."
542,"Mesmo diante da maior queda, vou sempre estar aqui para ajudar a se levantar. Sou sua tia e quero ver voc√™ sempre bem, meu sobrinho."
543,"O s√°bio pode mudar de opini√£o. O ignorante, nunca."
544,"Aprendi que o dif√≠cil n√£o √© chegar ao topo, mas sim nunca deixar de subir."
545,"Arrisque sem medo de cair, pois as dores se curam com o tempo, mas o arrependimento fica para sempre."
546,"O meu colo ser√° sempre seu, sobrinho amado do meu cora√ß√£o."
547,Sorria para mostrar √†s adversidades que elas nunca conseguir√£o roubar sua felicidade.
548,"Do mesmo modo que a onda n√£o pode existir por si s√≥, mas √© sempre parte da superf√≠cie ondulante do oceano, assim eu nunca devo viver minha vida de forma isolada, mas sempre interagindo com o que ocorre ao meu redor."
549,"Uma mulher independente, que pense pela sua cabe√ßa ser√° sempre uma mulher poderosa."
550,O verdadeiro pessimista fica ainda mais triste por ter sempre raz√£o.
551,Chuck Norris nunca vai morrer de ataque card√≠aco. Seu cora√ß√£o n√£o √© tolo o bastante para atac√°-lo.
552,"Fa√ßa todo o bem que voc√™ puder, com todos os recursos que voc√™ puder, por todos os meios que voc√™ puder, em todos os lugares que voc√™ puder, em todos os tempos que voc√™ puder, para todas as pessoas que voc√™ puder, sempre e quando voc√™ puder."
553,Domingo vem sempre acompanhado dessa pregui√ßa que n√£o sabemos bem se √© cansa√ßo ou tristeza.
554,"Toda amizade √© eterna, pois se n√£o durar para sempre nunca foi amizade realmente."
555,"√â muito bom saber que posso sempre contar com voc√™, madrinha, e sentir que n√£o estou s√≥ mesmo nos momentos dif√≠ceis."
556,√â sempre triste a vida daquele que a olha com pessimismo.
557,"N√£o subestime a for√ßa do seu pensamento, use-o sempre como um aliado contra qualquer sofrimento."
558,Se a for√ßa e a f√© nunca me faltarem eu serei eternamente feliz e forte para enfrentar as provas de fogo da vida!
559,O amor acontece sempre que os olhares se cruzam e o cora√ß√£o bate mais forte.
560,"Procure sempre algo novo que possa te fazer feliz, pois a cada descoberta aumentamos as oportunidades de encontrar pelo caminho a t√£o procurada felicidade!"
561,Faz sempre primeiro o que mais dif√≠cil te parecer.
562,"As pessoas que falam muito, mentem sempre, porque acabam esgotando seu estoque de verdades."
563,"Hoje a saudade bate mais forte nos cora√ß√µes que sofrem pelo luto, mas tamb√©m bate o amor e a certeza de que quem partiu jamais ser√° esquecido."
564,O destino pode mudar. Nossa natureza jamais.
565,"Ainda que minha mente e meu corpo enfraque√ßam, Deus √© minha for√ßa, Ele √© tudo o que eu sempre preciso.

- Salmos 73:26"
566,Nunca √© tarde para tentar o desconhecido. Nunca √© tarde para ir mais al√©m.
567,"Neste in√≠cio de aulas, que a motiva√ß√£o seja a maior de sempre, e que ela venha acompanhada por uma grande vontade de aprender."
568,"Se ainda n√£o foi hoje, continue tentando. A vida sempre nos oferece uma segunda chance que se chama "
569,"Aprender √© a √∫nica coisa de que a mente nunca se cansa, nunca tem medo e nunca se arrepende."
570,"Estejamos lado a lado, ou a milhas de dist√¢ncia, estamos sempre conectados √†s nossas fam√≠lia pelo cora√ß√£o."
571,"Sempre que voc√™ consegue que as pessoas riam, elas est√£o ouvindo e voc√™ pode dizer praticamente qualquer coisa a elas."
572,Nunca deixo de ter em mente que o simples fato de existir j√° √© divertido.
573,"H√° sempre motivos para sorrir, basta n√£o permitir que os obst√°culos retirem seu foco do melhor que a vida tem."
574,A beleza de assistir ao p√¥r do sol depende sempre de quem est√° ao nosso lado.
575,Mulher feliz √© mulher bonita. √â sempre na felicidade que reside sua maior beleza.
576,Aprendi com a primavera a deixar-me cortar e voltar sempre inteira.
577,"Ao criarmos nosso destino, teremos que ter o discernimento necess√°rio para o estarmos renovando dia a dia e com isto moldando-o √†s circunstancias sempre mut√°veis, n√£o prevista antes."
578,Pode passar um dia ou cinquenta anos: voc√™ ser√° sempre meu beb√™ para toda vida!
579,"Somente aqueles que nunca deram um tiro, nem ouviram os gritos e os gemidos dos feridos, √© que clamam por sangue, vingan√ßa e mais desola√ß√£o. A guerra √© o inferno."
580,Os livros s√£o amigos que nunca nos decepcionam.
581,"Sempre que a noite abra√ßar seu corpo, abra o cora√ß√£o e retribua. Durma bem, meu amor!"
582,Inova√ß√£o! N√£o se pode ser inovador para sempre. Eu quero criar cl√°ssicos.
583,"Foi um ano de desafios e supera√ß√£o, mas agrade√ßo por tudo, pois chego no meu novo ano mais forte do que nunca!"
584,Ter primos pr√≥ximos √© nunca se sentir s√≥!
585,"Nossa amizade √© m√°gica e me mant√©m viva, desperta e feliz!"
586,"Nunca falar de si mesmo aos outros, e falar-lhes sempre deles mesmos, √© a ess√™ncia da arte de agradar. Cada um o sabe e todos o esquecem."
587,"O s√°bio nunca diz tudo o que pensa, mas pensa sempre tudo o que diz."
588,"Nunca deixe de ter um sorriso em seu rosto, pois eu preciso dele."
589,N√£o acredito que j√° √© segunda-feira! E como sempre fiquei sem tempo para me preparar mentalmente para mais uma semana de dureza.
590,"Nunca me levou a s√©rio, ent√£o eu resolvi te esquecer."
591,"Beijando-me a m√£o, far-me-√°s sentir muito bem; mas um diamante com safira durar√° para sempre."
592,"Ao vivenciarmos os des√≠gnios de nossa condi√ß√£o humana, estamos sempre tendo motivos para se fazer presente o arrependimento por atos falhos, atos at√© mais ousados, os quais nos levar√£o simplesmente √° percep√ß√£o de nossa fragilidade"
593,A honestidade sempre causar√° melhores consequ√™ncias que qualquer inverdade.
594,"Voc√™ sempre ser√° mais que um primo para mim. √â um irm√£o, um amigo do peito que levarei para vida toda!"
595,"N√£o ame pela beleza, pois um dia ela acaba. N√£o ame por admira√ß√£o, pois um dia voc√™ se decepciona. Ame apenas, pois o tempo nunca pode acabar com um amor sem explica√ß√£o."
596,"Otimismo √© esperar muitas dificuldades no futuro, conhecer todas as contrariedades que estar√£o no caminho e mesmo assim nunca pensar em desistir."
597,"Preciso que a saudade saia de perto de mim, pois j√° n√£o consigo lidar com esta dist√¢ncia que parece nunca ter fim."
598,Este come√ßo de aulas representa o in√≠cio de uma vida nova cheia de sabedoria para enfrentar o amanh√£ e alcan√ßar os sonhos de sempre!
599,Um bom m√∫sico sempre tira boas notas.
600,V√≠cio √© o que sempre estamos fazendo pela √∫ltima vez.
601,A paix√£o jamais combina com l√≥gica ou com racionalidade. A paix√£o √© uma pris√£o paradis√≠aca.
602,"√â na pr√°tica do elogio que residem as maiores falsidades, pois normalmente ele vem sempre acompanhado de interesses obscuros."
603,"Nosso tempo juntos foi bom e sempre vou lembrar dele com carinho, mas quem vive de passado √© museu e voc√™ n√£o √© meu ex-namorado por acaso."
604,"Sem amigos e familiares eu n√£o teria conseguido, mas n√£o posso tamb√©m me esquecer dos professores que sempre me inspiraram. A todos eu agrade√ßo."
605,"√â maravilhoso viver e saber que no futuro vou sentir saudades de este tempo, pois agora sou feliz e assim quero ser sempre."
606,"O cinema nos faz viajar para lugares paradis√≠acos do outro lado do mundo, ou √†s profundezas dos oceanos, que nunca ter√≠amos chance de conhecer, e lugares fict√≠cios que nunca saberemos se existir√£o um dia."
607,N√£o sei se os dias s√£o pra sempre.
608,"Meio irm√£o, meio c√∫mplice, mas sempre amigo e companheiro por inteiro. Adoro meu primo!"
609,"Quem tem um amigo, mesmo que um s√≥, n√£o importa onde se encontre, jamais sofrer√° de solid√£o; poder√° morrer de saudades, mas n√£o estar√° s√≥."
610,Quem diz que n√£o pode ser feito nunca deve interromper aquele que est√° fazendo.
611,O sucesso s√≥ vale a pena quando temos algu√©m para abra√ßar depois da vit√≥ria e √© por isso que √© sempre melhor trabalhar em equipe.
612,Qualquer opera√ß√£o do nosso esp√≠rito tem sempre a sua certa e inevit√°vel origem no ego√≠smo.
613,A diferen√ßa entre as lembran√ßas falsas e verdadeiras √© a mesma das joias: as falsas sempre aparentam ser mais reais e brilhantes.
614,Sinto que esta ter√ßa vai permanecer no meu cora√ß√£o e pensamento para sempre. Vamos aproveitar este dia!
615,"Querido afilhado de crisma, quero que saiba que sempre teve e ter√° o meu afeto, carinho e admira√ß√£o por ser o ser humano lindo que voc√™ √©!"
616,"Entreguei a voc√™ meu cora√ß√£o porque encontrei no seu abra√ßo a seguran√ßa que sempre busquei. Te amo, meu namorado lindo!"
617,O futuro sempre est√° come√ßando agora.
618,Para ser feliz com algu√©m n√£o basta amar; √© preciso se unir a quem se ama para tudo e para sempre!
619,Nunca ligue para a vida. Pois ela n√£o tem telefone.
620,Aquilo que provamos quando estamos apaixonados talvez seja o nosso estado normal. O amor mostra ao homem como √© que ele deveria ser sempre.
621,Aos amigos dedicados que sempre mostraram quem s√£o de verdade eu agrade√ßo pois sem eles eu n√£o seria feliz como sou.
622,"Tenha um dia lindo, vov√¥, e nunca se esque√ßa que meu cora√ß√£o ser√° sempre seu. Um abra√ßo forte votos de muita alegria."
623,As oportunidades sempre parecem maiores indo do que vindo.
624,"N√£o √© sempre que encontro minha prima, mas quando isto acontece √© garantia de um dia incr√≠vel! Adoro esta menina!"
625,A saudade √© um lago transparente a refletir sempre a imagem da pessoa ausente.
626,"Jamais poderemos confundir conhecimentos, conseguidos nos bancos das faculdades, ou intelig√™ncia sem a√ß√£o, com sabedoria adquirida ao longo dos ano."
627,"A decep√ß√£o nos teus olhos diz tudo. Desculpa, amor. N√£o quero te ver assim triste nunca mais."
628,O progresso sempre envolve riscos; voc√™ n√£o pode infiltrar-se na segunda base com o seu p√© na primeira.
629,"N√£o se desanime diante dos obst√°culos, eles s√£o sempre uma oportunidade de voc√™ sair mais forte de uma situa√ß√£o."
630,O tempo √© o melhor autor. Sempre encontra um final perfeito.
631,H√° promessas que j√° estiveram mais pr√≥ximas de serem cumpridas e ‚Äúnuncas‚Äù que j√° estiveram mais longe de acontecer.
632,"Tenha sempre coragem para arriscar, pois pior que n√£o conseguir √© perder por nunca ter tentado!"
633,"Mesmo estando sempre falando ‚Äúaos quatro cantos‚Äù, isto n√£o quer dizer que estamos acrescentando alguma coisa alem de ru√≠dos e inconveni√™ncias."
634,"Prefiro ir √† luta, cair e quebrar a cara do que ficar parada sem experimentar qualquer fracasso, mas tamb√©m sem nunca conhecer a vit√≥ria."
635,"O amor verdadeiro √© aquele que surge de repente, quando menos esper√°vamos, e fica para sempre."
636,Nunca amamos as pessoas. O que amamos s√£o as suas qualidades.
637,"Se um dia voc√™ descobrir que a pessoa que sempre amou voc√™ n√£o ama mais, √© porque voc√™ n√£o soube dar o valor que ela merecia."
638,"O nosso amor a gente inventa pra se distrair e quando acaba, a gente pensa que ele nunca existiu."
639,A mente que se abre a uma nova id√©ia jamais voltar√° ao seu tamanho original.
640,Voc√™ nunca encontrar√° a pessoa certa se n√£o souber deixar a pessoa errada ir embora.
641,Uma grande mulher √© sempre poderosa porque ama sem medo e nunca volta as costas √† injusti√ßa.
642,Segredo √© isso que vai rolando de ouvido em ouvido e volta sempre com mais detalhes.
643,Procuro ser melhor em vez de ser o melhor porque vivo para me sentir feliz e nunca para impressionar os outros.
644,"Nunca pe√ßa desculpas pelo que j√° passou com algu√©m, pois o quer tenha sido feito ou dito, era o que realmente voc√™ queria."
645,"Se amar fosse pecado jamais te amaria, mas como sei que amar n√£o √© pecado, te amarei at√© ao fim da minha vida."
646,"Dos presentes que j√° ganhei dos meus pais, ter voc√™ como madrinha sempre ser√° o melhor de todos. Amo voc√™!"
647,"Todos aqueles, cuja alma √© sufocada pela soberba e a arrog√¢ncia, sempre est√£o fazendo se identificar tamb√©m pela ingratid√£o, um dos mais baixos sentimentos que assolam a humanidade."
648,H√° sempre um momento em que bate forte a saudade daquele amigo do peito. Sinto tanto sua falta.
649,Azarado √© o Saci que nunca come√ßa nada com o p√© direito.
650,"Celebrar a vida √© somar amigos, experi√™ncias e conquistas, dando-lhes sempre algum significado."
651,Liberdade! N√£o julgue um amor futuro pelo sofrimento de um passado. Os sentimentos devem estar sempre em liberdade!
652,Tenha um √≥timo final de semana junto de quem ama e sempre com um sorriso no rosto.
653,O melhor espet√°culo para o homem ser√° sempre o pr√≥prio homem.
654,Nada nesse mundo √© nunca mais...
655,N√≥s geralmente descobrimos o que fazer percebendo aquilo que n√£o devemos fazer. E provavelmente aquele que nunca cometeu um erro nunca fez uma descoberta.
656,Voc√™ acabou de nascer e j√° me cativou; me prendeu √† sua pele para jamais daqui sair!
657,"Meu lema √© nunca desistir, erguer depois de cair, sorrir depois de falhar e voltar a tentar at√© que d√™ certo!"
658,"Porque quem ama nunca sabe o que ama; Nem sabe porque ama, nem o que √© amar; Amar √© a eterna inoc√™ncia,e a √∫nica inoc√™ncia, n√£o pensar..."
659,"A luz se apaga, mas a sua esperan√ßa de um futuro pr√≥spero continuar√° sempre acesa! Bons sonhos!"
660,"Quando vamos ao cinema ou ao teatro, incentivado pelos cr√≠ticos, quase sempre sa√≠mos de l√° decepcionado, pois nossa curiosidade √© muito mais exigente do que qualquer cr√≠tico profissional."
661,Eu sempre quis ter uma cunhada como voc√™!
662,"Quem nunca atirou pedras em ningu√©m, que jogue a primeira pedra!"
663,Os melhores autores s√£o sempre os cr√≠ticos mais severos de suas obras.
664,"Voc√™ me fez feliz um dia, mas eu percebi que a vida tinha ainda mais para me oferecer. Meu ex e grande amigo, eu irei sempre gostar de voc√™!"
665,"Mesmo nos momentos dif√≠ceis, lembre-se que o sol sempre nascer√° trazendo esperan√ßa."
666,Quando algu√©m se despede deixa sempre um vazio na vida daqueles que ficam. Desejo muita for√ßa para que voc√™ possa suportar a sua perda.
667,"Uma verdadeira hist√≥ria de amor nunca tem final feliz, porque o verdadeiro amor nunca termina."
668,Foque naquilo que faz voc√™ feliz e caminhe sempre nesta dire√ß√£o.
669,Nunca perca esse sorriso que d√° vida ao seu rosto e paz √† sua alma.
670,"Estou sempre disposto a aprender, apesar de nem sempre gostar de ser ensinado."
671,"Entre tantas d√∫vidas que fizeram parte da minha vida, o seu afeto sempre foi uma certeza. Amo muito voc√™, vov√¥!"
672,"Tenho muita gratid√£o no cora√ß√£o, pois nunca chegaria aqui sem o apoio da minha fam√≠lia e os ensinamentos dos grandes mestres que tive ao longo de minha carreira."
673,Posso ler milhares de livros ou rodear-me de toda sabedoria do mundo que jamais vou aceitar sua despedida. Fique em paz!
674,Aos incapazes de gratid√£o nunca faltam pretextos para n√£o a ter.
675,"Em Deus encontro for√ßa, paz e a certeza que nunca estou s√≥. üôè"
676,"Dizer que esquecemos um grande amor √© mentir, pois algo t√£o intenso e verdadeiro nunca se apaga da mem√≥ria e √†s vezes nem mesmo do cora√ß√£o."
677,Temo que possamos ser grandes amigos. Voc√™ ser√° sempre minha crush!
678,"Algumas amizades parecem destinadas a permanecerem em nossas vidas para sempre, pois s√£o elas a verdadeira raz√£o da felicidade que sentimos."
679,A boa sa√∫de √© mais agrad√°vel √†queles que retornaram de grave doen√ßa do que √†queles que nunca tiveram o corpo doente.
680,"Nunca fale derrota. Use palavras como esperan√ßa, cren√ßa, f√©, vit√≥ria."
681,N√£o h√° melhor profiss√£o sen√£o aquela que est√° guardada sempre no cora√ß√£o.
682,Sempre lembro da minha inf√¢ncia com muito amor e √†s vezes tudo que queria era poder voltar.
683,A sabedoria consiste em querer aprender e aceitar que jamais se saber√° tudo. Bom in√≠cio de aulas!
684,Saudade! Que da minha mem√≥ria jamais se apaguem momentos lindos como este que vivi.üíó
